Company,CVR,Country,Street,gPlaces (needs domain clean up),gSearch,rapid
ALTERNATIV DESIGN APS,10372100,DK,HAMMERVEJ 9,,,
M A T APS,26596300,DK,GERSONSVEJ 7,,miniature.dk,
AMER SPORTS SVERIGE AB,30262700,DK,C/O AMER SPORTS DANMARK APS KOKKEDAL INDUSTRIPARK 14,http://www.amersports.com/,,
STAAG A/S,30906500,DK,AMALIEGADE 6 2. TV.,,,
FOOT LOCKER DENMARK 2009 B.V. FILIAL AF FOOT LOCKER DENMARK B.V. HOLLAND,33268300,DK,C/O CITCO (DENMARK) APS NYBROGADE 12,https://stores.footlocker.dk/en/dk-84/copenhagen/amagertorv-11-587_31_09251.html,,
IMAGE KOMPAGNIET APS,10001366,DK,ANDKÃ†RVEJ 22,http://www.imagekompagniet.dk/,,
ANGLO FOOTWEAR IMPORTERS APS,10062861,DK,TVEDVANGEN 278,,,
LOTTE SANDBÃ„CK APS,10063566,DK,VORDINGBORGVEJ 3 A,,,
MESSAGE A/S,10089859,DK,A F HEIDEMANNS VEJ 19,https://message.dk/,message.dk,
DB&P APS,10147069,DK,HOSTRUPSVEJ 2,,,
SHAKUR A/S,10151821,DK,C/O Ã…SE JÃ˜RGENSEN HIRTSHALSVEJ 7 HJÃ˜RRING,,,
HUST INNOVATION A/S,10154804,DK,MARSVEJ 6,,,
NORDIC COMPANY PARTNERS APS,10160960,DK,C/O LENE BACKS OG PER BIRK MÃ˜NSTED TVÃ†RGADE 8,,,
ACCSS APS,10168007,DK,SINDALSVEJ 7,,,
JONIK TRADING APS,10205476,DK,FRÃ˜DINGS ALLE 12,,,
T.D.T. INTERNATIONAL APS,10213487,DK,C/O CPH:OFFICE H.C. Ã˜RSTEDS VEJ 50 C 1.,,,
MASAI CLOTHING COMPANY APS,10279488,DK,HAMMERENSGADE 1 ST. TV.,,masai.dk,
TRISAR TRADING APS,10508304,DK,KONG CHRISTIANS ALLE 40,https://www.trisar-trading.dk/index.php?route=information/contact,,
SKOIMPORT APS,10570603,DK,ROSBÃ†KSVEJ 9,,,
BACHER WORK WEAR A/S,10626870,DK,KIRSTINEHÃ˜J 5,http://www.bacher.com/,bacher.com,
BJERREGAARD SIKKERHED A/S,10970970,DK,BALDERSBUEN 33 BALDERSBR,https://www.bjerregaard.dk/,,
DIESEL DENMARK APS,11109977,DK,STRANDLODSVEJ 6,https://storelocator.diesel.com/1439454-diesel-store-copenhagen-ostergade#,,
TRIM LUND TRADING APS,11125441,DK,NOKIAVEJ 20,,trimsko.dk,
MININOR GLOBAL APS,39464020,DK,BLOKKEN 26,,,
SOFTGOODS INNOVATION APS,39485974,DK,AUSTRALIENSVEJ 31 3. TH.,,,
EYDA APS,39490188,DK,C/O CASPER JEPPESEN LENE HAUS VEJ 10 A,https://eyda.dk/,eyda.dk,
BRANDDESIGN DK APS,39500620,DK,C/O BDO STATSAUTORISERET REVISIONSAKTI JEPPE AAKJÃ†RS VEJ 10,,,
ALURA COPENHAGEN APS,39533618,DK,SOMMERVEJ 3,http://aluracopenhagen.dk/,aluracopenhagen.dk,
LLOYD SHOES NORDIC DENMARK FILIAL AF LLOYD SHOES NORDIC AB SVERIGE,39534428,DK,C/O BEIERHOLM STATSAUT. REVISIONSPARTN KNUD HÃ˜JGAARDS VEJ 9,https://www.lloyd-shop.dk/,,
BLACK SHEEP APS,39548623,DK,BUEN 36,,,
HERSKIND APS,39557789,DK,C/O HIHOUSE KRONPRINSENSGADE 13 4. TH.,,,
SL-GREVE APS,39588579,DK,STRANDLYST ALLE 2 B,,,
KAPADA APS,39614944,DK,DAGMAR PETERSENS GADE 78 ST. TH.,,,
VAGABOND SHOEMAKERS DENMARK APS,39638592,DK,C/O BUSINESS SWEDEN LANDGREVEN 3 ST. TH.,,,
BUNGALOW PRODUCTION APS,39641763,DK,ELLEKILDEN 7 BODERNE,,,
HOOHA APS,39652285,DK,ELMEGADE 20 KL. TV.,,,
FORCRYINGOUTLOUD APS,39751364,DK,STRANDVEJEN 100,,,
NORQ APS,39769603,DK,GEISLERSGADE 18 1. TV.,,,
VICCA.DK APS,39780178,DK,RAVNSHÃ˜JVEJ 66,,,
CANDEE SKATEBOARDS APS,39779129,DK,DÃ˜RSLUNDVEJ 20 E,,,
MLV TACTICAL HOLDING APS,39800918,DK,KALBYVEJ 32,http://www.mlv-tactical.com/contact,,
NEPALI VIBE APS,39818779,DK,C/O THOMAS DEGN FRIIS ENGDALSVEJ 26,,nepalivibe.com,
EVERLEIGH & ME APS,39824124,DK,STORE KONGENSGADE 49 1. 4.,,,
JUNE LABEL APS,39839245,DK,KOMPAGNISTRÃ†DE 11,,junelabel.dk,
LILBOOCO APS,39850222,DK,VESTERBROGADE 85 4.,,,
NORDIC GARMENT LAB APS,39866463,DK,RÃ˜DTJÃ˜RNEVEJ 14,,consjus.com,
SHOPSOLUTION APS,39879336,DK,RAADYRVEJ 6,,,
HOLY APS,39894955,DK,TORDENSKJOLDSGADE 28 3. TH.,,,
ZINKTWO APS,39900246,DK,C/O KIM MICHAEL.COM APS SNERLEVEJ 4,,,
SMÃ… SPIREVIPPER APS,39907410,DK,MARGRETHESMINDEVEJ 1 Ã˜ VAMDRUP,,,
MIMENTE 2019 APS,39924161,DK,HOLBÃ†KVEJ 79 BENLÃ˜SE,,,
HUMMEL BODH GAYA A/S,39934965,DK,BALTICAGADE 20,,,
EBUY APS,39947145,DK,C V E KNUTHS VEJ 2 D 1. TV.,,,
PUFFINEST APS,39949067,DK,STEVNSGADE 12 3. TV.,,,
ACE & THE LEFTOVERS APS,39967286,DK,C/O CARMA CHO NÃ˜RREBROGADE 49 D 2. TH.,,frederiksbergliv.dk,
MAAK-SHOP APS,39969882,DK,HOUMEDEN 15,https://maak-shop.dk/,maak-shop.dk,
NORDFORM APS,39989638,DK,ERHVERVSPARKEN KLANK 11,,nordformstore.dk,
FAMILIEN RÃ˜NTVED APS,40004386,DK,ODINSVEJ 11,,,
WHITEOUT NORWAY AS,40006664,DK,C/O KGH CUSTOMS SERVICES APS FÃ†RGEHAVNSVEJ 31 1. MF.,,,
INSECT STOP APS,40062963,DK,TREHÃ˜JEVEJ 47,https://www.insect-stop.com/kontakt/,,
EVA & CLAUDI AF 2018 APS,40068570,DK,GL. STATIONSVEJ 1 HYLLESTED,https://www.eva-claudi.com/,eva-claudi.com,
APUS DENMARK APS,40080937,DK,BYTOFTEN 10,,findsmiley.dk,
TRIPLE TRADING APS,40080945,DK,NYMÃ˜LLEVEJ 50,https://tripletrading.dk/,,
ELBOTH & CO. APS,40088326,DK,FRANKRIGSVEJ 5,,,
BAKKEKILDE VINTAGE APS,40089195,DK,KRONPRINSESSEGADE 18 3.,,,
07.12.2018 APS,40090770,DK,AGERSKELLET 2,,randersbiz.dk,
BELLA BELUGA WEAR APS,40108440,DK,MARKEDSPLADSEN 13,,bellabeluga.dk,
FRERES APS,40114130,DK,C/O ERHVERVSSTYRELSEN DAHLERUPS PAKHUS LANGELINIE ALLÃ‰ 17,,,
LANGSAMT APS,40131388,DK,DYBBÃ˜LSGADE 66 ST. TH.,,greentown.dk,
BYGAIA APS,40146482,DK,GAIAS ALLE 14,,,
HUMMEL NORTH AMERICA APS,40149619,DK,BALTICAGADE 20,,,
GULDAGER SKO APS,40152628,DK,ALGADE 28,,,
ZOEY APS,40159843,DK,NEPTUNVEJ 18,,trustedshops.eu,
UNIFORMPARTNER DK A/S,40180184,DK,TILSTEDVEJ 73 TILSTED,,,
CRAS APS,40189696,DK,ROSENÃ˜RNS ALLE 39 A ST. TH.,,,
SCANDINAVIAN FOOTWEAR APS,40192719,DK,LAKSEGADE 26 2. TV.,,,
ALTISTÃ˜TTESTRÃ˜MPER.DK APS,40216375,DK,HJORTEHÃ˜J 9 SINDING,,,
MONTH OF MAY APS,40232427,DK,BRODERSENS ALLE 3,,,
A SAREEÂ´S STORY APS,40237909,DK,DAMGADE 6 2.,,,
PORTWEST FILIAL AF PORTWEST INTERNATIONAL SALES LIMITED IRLAND,40244344,DK,C/O JOHN JUEL SONDERGAARD RÃ˜RBÃ†K MÃ˜LLEVEJ 6,,,
SUSTAINABLE RETAIL HOLDING APS,40249176,DK,GLESBORG KÃ†RVEJ 5,,,
SUSTAINABLE RETAIL APS,40251731,DK,GLESBORG KÃ†RVEJ 5,,,
JUNEBUG APS,40257047,DK,EMILIEDALEN 179,,,
ISSA VIBE BRAND APS,40275207,DK,GYDEVANG 39,,,
DREAM INVESTMENT APS,40296336,DK,KLINTEBAKKEN 110,,,
MAGGIO APS,40298754,DK,LANGEBAKKEN 1,,bymaggio.dk,
AND BORDING APS,40300929,DK,LANGDALSVEJ 46,,a-view.dk,
MY ALPACA COPENHAGEN APS,40313753,DK,C/O ANNE-METTE NYHUUS AMSTERDAMVEJ 31 ST.,,myalpaca.dk,
ISOLÃ‰S APS,40324615,DK,ISLEVDALVEJ 100 H,,,
KERING EYEWEAR UK LTD,37008672,DK,C/O INTRAVAT APS VENTRUPVEJ 6,,,
BOHOBEACH.SHOP APS,40337237,DK,MOSEVEJ 12 C,https://bohobeach.shop/,bohobeach.shop,
FODBOLDSHIRTS APS,40366423,DK,C/O PETER JENSEN THEODORE ROOSEVELTS VEJ 15 ST. TH.,,,
KL OUTLET APS,40400583,DK,C/O KARINA LYNGE CLAUDISVEJ 15 ST. TV.,,,
NETUGLEN APS,40408851,DK,BRANDTS PASSAGE 31 A 2.,,,
ZS AGENTUR APS,40417001,DK,C/O ZORAN SVALINA KRAGELUNDTOFTEN 32 KRAGELUND,,,
STYLESTORE.COM A/S,40421734,DK,SYDKROGEN 12 JELLING,,,
LULU MOSQUITO APS,40445307,DK,HAVNEÃ˜EN 1,,,
ITALIST INC,40443282,DK,,,,
KONTOOR INTERNATIONAL SAGL,37009423,DK,C/O 18/6 1992 STATSAUTORISERET REVISIONSAKTI DIRCH PASSERS ALLÃ‰ 36,,,
BRANDCUTS WHOLESALE APS,40483497,DK,TROLDHOLM 1,http://www.brandcuts.dk/,brandcuts.dk,
FAR OUT APS,40488073,DK,STRIB LANDEVEJ 123 B STAURBY,,outbackboots.dk,
DEJLIGT BARN APS,40489886,DK,BRENDSTRUPGÃ…RDSVEJ 23 1.,,dejligtbarn.com,
LUXURY BY HO APS,40494669,DK,C/O SOHO FLÃ†SKETORVET 68 1.,,,
THORUP SMYKKER I/S,40490809,DK,C/O NICOLINE THORUP GLYÃ˜ SÃ˜NDERGADE 36,,,
ROBERT FAROE APS,40506721,DK,C/O KENNETH ROBERT JENSEN DIANAS HAVE 72,,,
CHRIS COPENHAGEN APS,40535667,DK,C/O MATHIAS HENNINGSEN HARALD KIDDES VEJ 47,,,
BAMBINO MAM AKTIEBOLAG,40537090,DK,,https://bambino.se/,,
KAWAITREND APS,40549765,DK,C/O MEIJIN DENG UNDER LINDEN 79 HALGÃ…RDE,,,
KLITMÃ˜LLER COLLECTIVE APS,40558187,DK,VANGSÃ…VEJ 12 KLITMÃ˜LLER,,,
T. TYGESEN INVEST APS,40568751,DK,HÃ…NDVÃ†RKERVEJ 4,,,
TEELOGISTICS APS,40569464,DK,C/O BENJAMIN PHILIP KNUDSEN C.W. OBELS PLADS 16,,,
BERTRAM APS,40569510,DK,C/O BENJAMIN PHILIP KNUDSEN C.W. OBELS PLADS 16,,,
NORTH BRANDS APS,40596380,DK,KANONBÃ…DSVEJ 12 A,,,
PETITE PARIS APS,40597832,DK,C/O CHRISTIAN KROGH UDBYHÃ˜JVEJ 99,,,
THAT'S MINE APS,40618406,DK,SÃ˜GÃ…RDSVEJ 53 GELSTED,,thatsmine.com,
CFY A/S,40628991,DK,DUEODDEVEJ 3,,cfy.dk,
CARLSBÃ†K GROUP APS,40633243,DK,DYBBÃ˜LSBRO 3 15. 6.,,,
NORDIC SELLER GROUP APS,40636854,DK,MÃ…NELYSVEJ 4,,,
BÃ˜RNEFIDUSEN APS,40667245,DK,C/O POPPELHUSENE 49 2600 GLOSTRUP RYTTERHUSENE 38,,,
ACM CLOTHING APS,40676171,DK,FABRIKSPARKEN 23,,online-mode.dk,
SACHA PANDURO AGENTUR APS,40677186,DK,HÃ˜JAGERVEJ 6 KARLSTRUP,https://panduro.com/da-dk,,
PREMIUM APS,40685642,DK,DAMSHOLTEVEJ 3 B GUNDERÃ˜D,,pelupelu.com,
F2D APS,40701656,DK,C/O FIRSTHUB DALBYGADE 40 A 2.,,,
FASHION BOUTIQUE.DK I/S,40707263,DK,GL. NÃ†STVEDVEJ 10,,,
TJUBANG SKO APS,40737227,DK,GODTHÃ…BSVEJ 18 A ST. 1.,https://tjubangsko.dk/,,
ADIDAS INTERNATIONAL TRADING AG,37010588,DK,,,,
NORDIC APPAREL RETAIL APS,40748458,DK,GRÃ˜NNEGADE 27 ST. TV.,http://nordicsportswear.dk/,,
NANNABANANAS APS,40756639,DK,GODSBANEGADE 13 3.,,,
JET BUSINESSES APS,40761853,DK,C/O KVIST REVISION APS KAY FISKERS PLADS 10,,,
MASTER CORE APS,40764631,DK,LYNGBAKKEN 18 ALSÃ˜NDERUP,,,
KHV 1973 APS,40768882,DK,TYRSBAKKE 13 SÃ˜LLERÃ˜D,,,
DM AIRWAIR DENMARK FILIAL AF DM AIRWAIR SWEDEN AB,40782613,DK,C/O TMF DENMARK A/S H.C. ANDERSENS BOULEVARD 38 3. TH.,,,
SKJORTEN.DK APS,40785388,DK,TYRSBAKKE 13 SÃ˜LLERÃ˜D,,,
_ACT NOW APS,40786368,DK,AGGERSBORGGADE 9 2. TV.,,,
OLLERUP & SKJÃ˜TH APS,40786945,DK,LUMBYVEJ 34 NÃ†SBY,,,
BELLA MODA TRADE APS,40789065,DK,GEDDEBAKKEN 1,http://www.bellatrading.dk/,,
AC LUXURIES APS,40790209,DK,SVERIGESGADE 6,,,
HOUSE OF BALL INTERNATIONAL APS,40800972,DK,DJALMA LUNDS GÃ…RD 3,http://www.balloriginal.com/,balloriginal.dk,
UNIC SHOES I/S,40810366,DK,NÃ˜RREGADE 45,,unicshoes.dk,
TOPOLOGIE LIMITED,37010979,DK,,,,
BALAERKE APS,40831258,DK,GL. Ã…RHUSVEJ 68,,,
A STORY TO TELL APS,40836322,DK,C/O ANAS SARRAJ JULIUS VALENTINERS VEJ 8 ST. TH.,,,
PRETTY CURVES APS,40842675,DK,BANEGÃ…RDSVEJ 11,,,
MÃ†STEREN APS,40850295,DK,HOUVEJ 177 ULSTED,,,
WAYCPH APS,40889825,DK,HEILSMINDEVEJ 7 ST.,,,
NC 1109 APS,40907955,DK,FJORDLÃ˜KKE 104,,,
E T A L LIFESTYLE APS,40908641,DK,A.M.G. FRIIS VEJ 20,,,
AMANDA CHRISTENSEN APS,40914242,DK,C/O TRANSAKTIONSKOMPAGNIET APS LYNGEBÃ†KGÃ…RDS ALLE 10,,,
CPH RUN SHOP APS,40916113,DK,DAMHUSTORVET 11 B,http://cphrunshop.dk/,,
LEON & NOEL APS,40917640,DK,EMDRUP KÃ†RVEJ 6,,,
PRIIME APS,40921001,DK,HÃ˜JE NIBE 9,,,
AMORINO MIO APS,40927662,DK,STORE KONGENSGADE 69 4. TH.,,,
JODIS APS,40934847,DK,OLIEFABRIKSVEJ 61,,,
DIGIMOTION APS,40948082,DK,C/O DIANA LI BERNSTORFFSGADE 23 3.,,,
CLEARO2 EUROPE APS,40948430,DK,C/O BRIAN KENNETH JENSEN OTTO BRANDENBURGS VEJ 82 2. TH.,,,
BY2MC APS,40960457,DK,HÃ˜JE NIBE 9,,,
ARBEJDSTÃ˜J MED TRYK APS,40974652,DK,TEMPOVEJ 35,,,
KRISTINE ELINE APS,40979433,DK,REBERBANEGADE 41 3. TV.,,amagerliv.dk,
ZEUTHEN SOCI APS,40982574,DK,SKELSTEDET 2 C 1. TH. TRÃ˜RÃ˜D,,,
GVSX APS,40986332,DK,HINDEGADE 6,,,
NEW BOOTS.DK APS,40992170,DK,HADSUNDVEJ 13,,,
NIRANTEX APS,40998659,DK,DYRBALLEVEJ 4,,,
VIMPULZE I/S,40999019,DK,C/O GLENN SEBASTIAN BJERREGAARD JENSEN OG MA BLÃ…KILDEVEJ 11 B 2. 1.,,,
URBANOUTDOOR APS,41027851,DK,BONDESHÃ˜JVEJ 1 VITTEN,,,
SILLYSANTA AS,41001569,DK,C/O KGH CUSTOMS SERVICES APS FÃ†RGEHAVNSVEJ 31 1. MF.,,sillysanta.dk,
HANDELSGAARDEN KOUSTRUP APS,41064498,DK,DALSBROVEJ 58 VOLDUM,,,
VILLADSEN & CHRISTIANSEN APS,41078022,DK,C/O BJARNE VANG VILLADSEN MÃ˜LLERS BAKKER 17,,,
OLIKT APS,41079606,DK,C/O NILS RUNE VAD PETERSEN GRÃ˜NDALSVEJ 8 1. TV.,,olikt.com,
TATELA APS,41101237,DK,DYREHAVEGÃ…RDSVEJ 20,,,
LOHA I/S,41101407,DK,VESTERBRO 8,,,
NUVEL STUDIO APS,41103434,DK,BÃ˜GHSVEJ 1,,nuvelstudio.com,
WOOLFIE APS,41147377,DK,GODTHÃ…BSVEJ 137 ST. TV.,,woolfie.dk,
LIMITED EDITIONS APS,41154306,DK,STRANDHOLMS ALLE 7 A,,,
BYROOS APS,41162643,DK,JACOB HANSENS VEJ 9 TAULOV,,byroos.dk,
COÃ‰ME APS,41177063,DK,ENEBÃ†RHAVEN 203,,,
DANSK PROFILBEKLÃ†DNING APS,41187174,DK,FUGLEBÃ†KVEJ 3 D ST.,,,
EPIC VISION GROUP APS,41196769,DK,EMTEDALEN 1 B,,,
NORDREX APS,41207612,DK,KARETMAGERVEJ 13 A ST. TV. SNOGHÃ˜J,,,
FOOTZONE WHOLESALE APS,41226838,DK,IVAR LUNDGAARDS VEJ 23,,,
CUSTOMIZED SPORT APS,41229543,DK,SATURNVEJ 5,,,
MARANG APS,41238747,DK,THORVALDSENSVEJ 16 4.,,,
JJFC APS,41241667,DK,IBSTRUPVEJ 7 B,,,
BUUMP APS,41245085,DK,SLOTSALLEEN 5,,buump.com,
THE STAPLES APS,41248408,DK,C.F. RICHS VEJ 45,,,
M54 INVEST APS,41251158,DK,BREDKÃ†R VÃ†NGE 21 C,,,
DALLAS APS,41271442,DK,TIRSBÃ†KVEJ 5,,marmarcopenhagen.dk,
E.K. ORBIT APS,41280905,DK,NORDRE FASANVEJ 37 A 2. TH.,,,
WOOLSOLUTIONS APS,41285524,DK,C/O PER LYKKE TOLDBODGADE 21 4. 13.,,,
LABEL BRANDS I/S,41221054,DK,C/O SPRINGBORG GL BROVEJ 13,,galiente.com,
APART FASHION GMBH,41289392,DK,C/O DEINTERNATIONAL DENMARK APS KONGENS NYTORV 26 3.,,,
SPONSOR-LINK CPH APS,41310057,DK,GREVE BYGADE 28,,,
DARPDECADE GMBH & CO. KG,41299983,DK,C/O DEINTERNATIONAL DENMARK APS KONGENS NYTORV 26 3.,,,
KIDS GROUP APS,41320982,DK,ARTILLERIVEJ 148 4. TV.,,uploads-ssl.webflow.com,
ELSKBAR APS,41322861,DK,HOVEDGADEN 64,,elskbar.com,
COOLUSION INTERNATIONAL DMCC,37013471,DK,C/O BRIGHT STAR INVEST IVS KASTANIEVANG 2 Ã˜STRUP,,,
LK WEBSHOP APS,41330899,DK,LIND HANSENS VEJ 13 K,,,
HOMIES AND HOODIES APS,41336862,DK,DALVEJ 17,http://hoodyhoody.dk/,,
NORLANDS APS,41338075,DK,MARKSKELLET 28,,,
WAVY COPENHAGEN APS,41343508,DK,LYNGVEJ 25,,,
REDGREEN WHOLESALE APS,41344059,DK,NORDRE STRANDVEJ 119 F 1.,,stiften.dk,
DÃ“TTIR GROUP APS,41361360,DK,FORTEVEJ 99,,,
CALOBA APS,41362111,DK,C/O PETER RABÃ˜L KREBS HANSEN REVLINGBAKKEN 29 1. TV.,,,
AFSTANDSVEST APS,41391804,DK,C/O MORTEN RÃœSZ LADEHÃ˜JVEJ 1,,,
BM AARHUS APS,41399198,DK,C/O MANJA MEILANDT LEEDSÃ˜E BIRKEVEJ 5,,,
GLASA APS,41401222,DK,STRANDVEJEN 343,,,
M.S.B. APS,41401303,DK,C/O SHUHAB MOHAMMAD BABAR HERLEV HOVEDGADE 204,,,
PHINITY APS,41403683,DK,SÃ˜NDERPARKEN 11 1. 1.,,,
GARDEROBEN APS,41408448,DK,ALGADE 30,,,
VINTAGELINE APS,41413506,DK,C/O LINE EDELMANN DYG SCHERFIGSVEJ 11 ST. TH.,,vintageline.dk,
OUTFITTER TEAMSPORT GMBH,41402547,DK,C/O TMF DENMARK A/S H.C. ANDERSENS BOULEVARD 38 3. TH.,,,
COLLECTED APS,41426837,DK,LARS DYRSKJÃ˜TS VEJ 25,,collected.dk,
STUDIO BELLE SOEUR APS,41435933,DK,KAYSERSVEJ 2,,,
IM DENMARK APS,41455101,DK,C/O BECH-BRUUN LANGELINIE ALLÃ‰ 35,,,
SÃ˜REN P APS,41465719,DK,SÃ˜NDERGADE 34,,,
SALLYSSNEAKERS APS,41470240,DK,J.L. HEIBERGS VEJ 32,,,
SASS.DK APS,41473282,DK,HOLSTED PARK 15 B,,,
TREKLÃ˜VER HOLDING APS,41485973,DK,NÃ˜RREGADE 46,,,
FLÃ–SS APS,41486589,DK,DRONNING OLGAS VEJ 49 2. TH.,,,
CV FASHION GROUP APS,41487135,DK,PORSVEJ 2,https://www.modeoutlet.dk/,,
NORDIC FASHION GROUP APS,41508973,DK,HERSLEBSGADE 1 A 3. TV.,http://www.nordicfashionoutlet.dk/,nordicfashionoutlet.dk,
JEWEL-INNOVATION APS,41509899,DK,GL. VIBORGVEJ 2,,,
NSHB FASHION APS,41519134,DK,VÃ†REBROVEJ 22 2. 2.,,,
LIVINGBYKADA APS,41523891,DK,KAGERUP PARK 38,,,
MILLION REASONS APS,41524529,DK,C/O HEIDI NIELSEN NÃ˜RREGADE 26 ST.,,,
HER WARDROBE APS,41561149,DK,ELMEHUSENE 138,,,
DD WEB APS,41561963,DK,STOREGADE 56 STEND-KROGAG,,,
MAMA YARN APS,41566477,DK,GRÃ†SGANGEN 8 BENLÃ˜SE,https://mamasgarn.dk/,,
AK TRADING & AK CONSULT APS,41576154,DK,KROGSBJERGVEJ 8,,,
BOBBI BALLOON APS,41577010,DK,SANKT PAULS GADE 21 ST.,,bobbiballoon.com,
BOKBOK APS,41586842,DK,C/O BADESTUESTRÃ†DE 8 KL. GODTGEMT 5 1. A.,,littlesteps.dk,
ROYAL GRAVERING APS,41622873,DK,AMALIEGADE 26 KL.,http://www.royalgravering.dk/,royalgravering.dk,
LAC NOIR APS,41632038,DK,HJELMAGERPARKEN 508 LÃ˜GTEN,,lacnoir-clothing.com,
AETREX CENTRAL EUROPE DK A/S,41632143,DK,LANGELANDSVEJ 6,,nyemission.dk,
HAWKSGAARD APS,41636041,DK,KOLLEGIEBAKKEN 19 1. 122.,,,
DANSK LAMAUDLEJNING APS,41636297,DK,SKODSBORG STRANDVEJ 288,,,
PARIS NOTES APS,41636726,DK,SOLVÃ†NGET 11,,parisnotes.dk,
EVA GO DIVA OFFICIAL APS,41107499,DK,KOMPAGNISTRÃ†DE 14 D 3.,https://evagodiva.dk/,,
CATTIRE STUDIO APS,41657049,DK,FREDERIK VI'S ALLE 2 4. TH.,,,
RVLV UK LIMITED,37014974,DK,,,,
BERTORE I/S,41652152,DK,C/O OLE BERTORE GERMER EJBYDALSVEJ 221,,,
VALE APS,41662956,DK,VEDDEVEJ 44,,vale-designs.dk,
NOORR APS,41667524,DK,HAVMOSEVEJ 11 C SEJS-SVEJBÃ†K,,,
TROBECK STUDIO APS,41690992,DK,C/O MATILDE TROBECK AXEL HEIDES VEJ 84,,,
MP RETAIL APS,41695056,DK,GASVÃ†RKSVEJ 4,,number-nineshop.com,
HAUGLAND BY LIZZ APS,41698977,DK,C/O LISELOTTE STENKJÃ†R BAKKEVEJ 7 ASSENTOFT,,,
YOUR 2HAND CLOSET APS,41703938,DK,BELLINISVEJ 2,http://www.your2handcloset.dk/,,
SECO I/S,41708484,DK,,,,
MAHARAM FILIAL AF MAHARAM B.V. HOLLAND,41719079,DK,C/O MARTINSEN Ã˜STER ALLÃ‰ 42 4.,,,
MAMASCARE I/S,41691093,DK,VINDBLÃ†SVEJ 60,,mamascare.dk,
X PROJECTS APS,41736720,DK,C/O CHRISTENSEN KJÃ†RULFF AIH Ã˜STBANEGADE 123,,,
A BAGS TALE APS,41763701,DK,RISMARKEN 43,,,
SAVAGE GROUP APS,41770783,DK,JÃ†GERSBORG ALLE 66,,,
SKRUUK 2020 APS,41772891,DK,FJORDDRAGET 17,,,
HIDE STUDIO APS,41773448,DK,THORVALDSENSVEJ 13 2. TH.,,,
AID STUDIO APS,41779853,DK,C/O KRISTIAN TANDERUP KRISTENSEN FORUPSVEJ 2,,gossia.dk,
FAXURY APS,41794747,DK,NÃ˜RREBROGADE 218 ST.,,faxury.dk,
FABILICIOUS GLOBAL APS,41804009,DK,PARKVEJ 47,,,
GREEN COTTON GROUP DENMARK A/S,41809671,DK,THRIGESVEJ 5,http://greencottongroup.com/greencottongroup/,,
BEARLY APS,41810769,DK,BEL COLLES ALLE 2 D,,bearly.dk,
KARUS CONSULTANT & TRADING APS,41818247,DK,BJERGGADE 4 K,,,
BY LAURENT APS,41820020,DK,GAMMEL HÃ˜VELTEVEJ 2,,,
NORDIC EXPEDITION APS,41825057,DK,CARL EWALDS VEJ 10,,,
SKOPLEJE.NU APS,41830530,DK,RÃ˜DOVRE CENTRUM 1 G ST. 170.,,skopleje.nu,
BAMBOOZ DENMARK APS,41833289,DK,NANSENSGADE 92 3. TV.,,bambooz.dk,
BOJSKOV APS,41851031,DK,DYRHÃ˜J 87,,,
STEENBERG COMPANY APS,41854804,DK,CERESBYEN 31 1. 1.,,,
NPO-SLINGS APS,41861290,DK,DYNDAGERVEJ 13,,nposlings.dk,
WEAR MARKETS APS,41869275,DK,HOSTRUPSGADE 41,,,
RACKET GROUP A/S,41874864,DK,SALTEBAKKEN 29,,,
SÃ…FTER I/S,41875585,DK,C/O VIKTOR VEILGAARD LYNGE JYLLANDSGADE 162 A,,saafter.dk,
WACOAL DENMARK FILIAL AF WACOAL EMEA LTD ENGLAND,41879157,DK,C/O TMF DENMARK A/S H.C. ANDERSENS BOULEVARD 38 3. TH.,http://www.wacoal-europe.com/,,
OMALIA I/S,41905077,DK,C/O AYAN ISMAIL AHMED FJÃ†LDEVÃ†NGET 102 ST. TH.,,,
MJP ONLINE SHOPPING I/S,41902604,DK,C/O PETER IBÃ†K BIRKEVANG 54,,dba.dk,
SHOWPIECE APS,41924225,DK,EDV.EGEBERGS VEJ 27 SEJS-SVEJBÃ†K,,,
STANCE (EUROPE) LIMITED,37016381,DK,C/O FISCAL SOLUTIONS DENMARK APS KRÃ†NHAVS STI 3 KLITMÃ˜LLER,,,
BJÃ–RN BORG DENMARK APS,41928905,DK,LANDGREVEN 3 ST. TH.,,,
KOKUZZ APS,41948876,DK,CHRISTIANS BRYGGE 28,,kokuzz.com,
VHJ HOLDING APS,41953276,DK,BERNSTORFFSVEJ 142 1. TV.,,,
LANA GROSSA MODE MIT WOLLE HANDELS- UND VERTRIEBS GMBH,41938145,DK,C/O DEINTERNATIONAL DENMARK APS KONGENS NYTORV 26 3.,,,
MIMIÂ´S UNIVERSE APS,41962011,DK,FREDERIKSBORGVEJ 236 HIMMELEV,,,
VAEVA APS,41968621,DK,MOLLERUPVEJ 7,,homeborn.dk,
COLUMBUS TRADING-PARTNERS DENMARK FILIAL AF COLUMBUS TRADING-PARTNERS GMBH & CO. KG TYSKLAND,41972777,DK,VIBY RINGVEJ 11 3. TH.,,,
CURA CLOTHING I/S,41975857,DK,C/O ELISABETH GREVLUND SÃ˜NDERBRO 21 ST. TH.,,curaclothing.dk,
NJORD8 APS,41977922,DK,STJERNEBORG ALLE 3 ST.,,njord8.dk,
CANNARI BIRGER CHRISTENSEN APS,41980516,DK,KRISTEN BERNIKOWS GADE 6,,,
RETAIL VIKING APS,41990139,DK,TÃ…RNHUSSTRÃ†DE 33 1. TV.,,,
BETTEBIZNESS GLOW GOOD APS,41997133,DK,GAMMEL KONGEVEJ 3 B 4. TH.,,,
NUUROO A/S,42000442,DK,HESSVEJ 6,,nuuroo.dk,
TBJ GROUP APS,42000930,DK,RUDOLFGÃ…RDSVEJ 6 A,,,
JUULCPH APS,42004227,DK,JUELLINGEVEJ 16 SÃ˜NDERBY,,,
THE SOLE SITE APS,42011894,DK,C/O MADS HOLM CERESBYEN 37 2. 4.,,,
A.C.T. SOCIAL APS,42016039,DK,C/O CARSTEN SÃ˜NDERGAARD JENSEN Ã˜STERBROGADE 33 4. TH.,,actsocial.dk,
CROZZ COMPANY APS,42021709,DK,C/O HELEN MARIA ENGSTRÃ˜M RÃ†VEHÃ˜JPARKEN 65,,,
ORGANSK COPENHAGEN APS,42027146,DK,EJBY INDUSTRIVEJ 26,,,
BARFODSVERDENEN APS,42040959,DK,TJÃ˜RNEVÃ†NGET 4,,,
PRINTTEX SCANDINAVIA APS,42044342,DK,C/O HELSINGÃ˜R ERHVERVSPARK H P CHRISTENSENS VEJ 1,,printtexscan.dk,
SASSYLAB.DK APS,42053910,DK,VASEKÃ†R 8,,sassylab.dk,
SNEAKER HEAVEN I/S,42055115,DK,C/O VENDELBO LANDLYST 2 A,,,
COTTON COMFORT TEXTILE CONSULTANCY FZE,37016616,DK,C/O APLI DANMARK A/S FASTRUPDALEN 2,,,
NEIRO FASHION APS,42060704,DK,C/O ROLIGHEDSVEJ 16 6100 HADERSLEV FYNSVEJ 77 1. TV.,,neirofashion.dk,
COFFEE BEANIES APS,42064750,DK,C/O AIMÃ‰E & MORTEN KOFOED HERKULES ALLE 1,,coffeebeanies.dk,
SOMETHING NEW APS,42068055,DK,Ã˜RESTADS BOULEVARD 57 A 4. 403.,,,
ANERONE APS,42073490,DK,NÃ†RUM VÃ†NGE 44 2. TV.,,,
CHILDHOOD STUDIOS APS,42079936,DK,OXFORD HAVE 197,,,
LUKSUSHYLDEN APS,42079944,DK,DALBYVEJ 90 ST DALBY,,,
STUFF YOU LOVE APS,42094528,DK,C/O SCANDINAVIAN TRADE BUILDING GYDEVANG 39,,stuffyoulove.dk,
PLEASE STAY APS,42095257,DK,C/O GITTE BLICHER ENGBERG BÃ˜GEPARKEN 12,,pleasestay.dk,
VINTAGE LUXURIES APS,42102083,DK,C/O KONTOR I BYEN APS FALKONER ALLE 1 3.,http://vintageluxuries.com/,vintageluxuries.com,
SKOVELEFANTEN APS,42111007,DK,ANTONIO COSTAS VEJ 15 SNOGHÃ˜J,,skovelefanten.dk,
BYDUOBRANDS APS,42117048,DK,C/O JIMMY LUDVIGSEN Ã†BLESTIEN 4 1. TH.,,,
MINDYOUSOLUTIONS APS,42117684,DK,JERNBANEGADE 7 E 1.,,,
POND CPH APS,42120715,DK,RUDOLPH BERGHS GADE 39 2.,,,
MUSTANG SPORTSWEAR APS,42121568,DK,BAKKEGÃ…RDSVEJ 211,,mustang-sportswear.com,
TAKEOFFCPH APS,42125407,DK,VINGÃ…RDSTRÃ†DE 20 ST. 1.,,,
WE LOVE GAMES APS,42130168,DK,HORSENSVEJ 72 A ST.,,,
MOTHERNATURE APS,42134430,DK,LEEN C 2 3. 4. HÃ˜JE TAASTRUP,,,
FRK. KJOLE APS,42137979,DK,DUEVEJ 14,,frkkjole.dk,
LOOKS JEWELRY APS,42139106,DK,FREDERIKSSUNDSVEJ 6,,looksjewelry.dk,
SWEATER HOUSE.DK APS,42147109,DK,HOLMEVEJ 22 ANNISSE,,sweaterhouse.dk,
MSS TRADING APS,42149179,DK,C/O MICHAEL SELCHAU SANGGAARD STRANDGADE 44 C 1. TV.,,,
KICKSZONE APS,42154024,DK,C/O SNEZANA MAKSIMOVIC LINDEPARKEN 18 2. TH.,,,
BY Ã˜RBÃ†K DESIGN APS,42156329,DK,GRÃ†NSEVEJ 1 B,https://kkdesigndenmark.dk/,,
ID2YOU APS,42161926,DK,C/O HELLE BREDKJÃ†R POULSGADE 41,,id2you.dk,
FORKÃ†LELSE BY DORTHE KILDAL APS,42164410,DK,BJERT STRANDVEJ 6,,,
444 STUDIOS APS,42164690,DK,LANGBALLEVEJ 142,,444studios.com,
CA RETAIL VEJLE APS,42164836,DK,SKOVVANG 8,,,
DILLER INC. APS,42179612,DK,DRONNINGEENGEN 29 TRÃ˜RÃ˜D,,,
MG DIGITAL APS,42179930,DK,C/O MORTEN GRAVERSEN GAMMEL KONGEVEJ 11,,humandogbed.dk,
UNFOLD COPENHAGEN APS,42183865,DK,BREDGADE 35 B 1.,,unfoldcopenhagen.com,
DEBONAIR KBH APS,42194492,DK,LANDSKRONAGADE 11 1. TH.,,,
HERSCHEL SUPPLY COMPANY LTD,37017531,DK,C/O QVALIA A/S HERSTEDÃ˜STERVEJ 27 A,,,
TEXTILES AND MORE APS,42205508,DK,LINDHOLMVEJ 18 B,,,
JUSTHOODIES APS,42210110,DK,ESBJERGPARKEN 53,,,
SHINEBYHOFFMANN APS,42211087,DK,HAVRETOFTEN 10 FELSTED,,shinebyhoffmann.dk,
MALARNI APS,42228478,DK,TINGSKOVVEJ 24,,,
SJÃ–LIN KÃ˜BENHAVN APS,42233919,DK,NYGÃ…RDSVEJ 57 3. TH.,,,
PADEL DIVISION APS,42243612,DK,C/O KUNO YSTRÃ˜M CHRISTIANSHOLMS PARALLELVEJ 4,https://www.padeldanmark.dk/herlev/,,
MYBELLY APS,42243841,DK,DYREHAVEGÃ…RDSVEJ 20,,,
STRUCK 2021 APS,42251526,DK,SKOLEGADE 25,,,
VIGS APS,42252468,DK,STJERNEPLADSEN 5,,,
LUSTFUL APS,42253863,DK,GAMMEL STRANDVEJ 197,,,
HUGGIEBEAR APS,42254835,DK,C/O MEGAN LÃ†RKE BEIERHOLM BLOMSTERENGEN 32 AALE,,huggiebear.dk,
CHEEME APS,42261262,DK,BYHÃ˜JEN 10 1. TV.,,cheeme.dk,
FABREX PRODUKTION APS,42276065,DK,BAGSVÃ†RDVEJ 94,,,
CYYCLE APS,42283991,DK,SUNDVÃ†NGET 34,,cyycle.dk,
EVHI APS,42287865,DK,FREDERICIAGADE 25,,,
TUTTELU APS,42288098,DK,C/O ATT INKUBATOREN 4. SAL NANSENSGADE 19,,enhjorning.bot,
FRIVANG HOLDING APS,42297127,DK,BONDESHÃ˜JVEJ 1 VITTEN,,,
SPECIALIZED EUROPE GMBH,37018287,DK,C/O QVALIA A/S HERSTEDÃ˜STERVEJ 27 A 1.,,,
FENNECFIT APS,42300721,DK,THORSGADE 81 3. TH.,,fennecfit.com,
GRIT ORIGINALS APS,42307424,DK,FOLMER BENDTSENS PLADS 4 6. TH.,http://thegrit.dk/,,
SYNNEJYSK INVEST APS,42321249,DK,AGERTOFTEN 6 JEJSING,,copenhagensmykker.dk,
NTRY WEBSHOP APS,42327166,DK,STEJLBJERGVEJ 29,,vafo.dk,
NW SAFETY A/S,42330434,DK,HANS EGEDES VEJ 9 B TARUP,,nwsafety.as,
LOA LUA I/S,42324809,DK,C/O JOSEFINE ANDERSEN OG FREDERIK POULSEN NÃ˜RRE ALLÃ‰ 9 3. TH.,,,
LAVIS HOLDING APS,42333611,DK,MELLEMVEJ 13,,,
MOOD MINOR APS,42335622,DK,GODSBANEN 107 3. 3.,,moodminor.dk,
JENSEN SPORTSWEAR I/S,42349143,DK,C/O MATHIAS JENSEN & KRISTIAN JENSEN SMELLEAGERVEJ 15,,,
ROKKETAND APS,42358304,DK,VED SÃ˜NDERPORT 9 4. TH.,,rokketand.com,
TOYSPACE A/S,42360945,DK,C/O ECIT ACCOUNT A/S FRIIS HANSENS VEJ 5,,toyspace.dk,
ALAKU APS,42369934,DK,HIORT LORENZENS GADE 31 1. TH.,,,
DANSKE STUDENTERHUER A/S,42381365,DK,UDSIGTEN 20,,,
MUSEUM SELECTION LTD,37018678,DK,C/O QVALIA A/S HERSTEDÃ˜STERVEJ 27 A,,,
WATCHLIFE APS,42390771,DK,SIGRIDSVEJ 1,,,
HOUSE PAINTING SERVICE APS,42394440,DK,BADSTUESTRÃ†DE 8 A ST.,https://www.maler-teamet.dk/,,
PREPERD APS,42397830,DK,INDUSTRIVEJ 19,,,
BY LIL 2020 APS,42402133,DK,STENGADE 65 B 2. TH.,,,
TMS COMPANY APS,42404950,DK,C/O MIKKEL GUSTAV BAUMANN WILLEMOESGADE 14 ST. TV.,,,
1CLICKAWAAY APS,42411876,DK,C/O MALERMESTER JACKSON APS ELLEKÃ†R 3,,,
JWLRY APS,42413208,DK,HARALD JENSENS PLADS 9 3. TH.,,,
RISE APS,42418188,DK,HUMMELTOFTEVEJ 38,,,
BALL ORIGINAL APS,42439045,DK,DJALMA LUNDS GÃ…RD 3,http://www.balloriginal.com/,,
MILÃ˜K APS,42439762,DK,TRANEVÃ†NGET 42 ST. TV.,,,
NAEA APS,42442763,DK,VÃ†RKMESTERGADE 25 17. 4.,,,
LUXURY GROUP APS,42443980,DK,AGERVANG 10 2. TV.,,,
NOIR INFERIS I/S,42442534,DK,Ã†GIRSVEJ 35 3. TV.,,,
BASICXL APS,42467626,DK,MARIANE THOMSENS GADE 4 B 3.,,,
DEFENDO OPERATIONS APS,42472190,DK,KIRKEPLADSEN 4 ST.,,,
CRAFTDESIGN,42341762,DK,NORGESVEJ 3,,,
MAEMAE I/S,42477680,DK,FINLANDSVEJ 123 3. TH.,,,
FRUIT DISTRIBUTION AB,37719161,DK,HÃ˜JEVEJ 15,http://www.nordicfruit.dk/,,
FANZONE APS,42485837,DK,SOLHEGNET 20,,,
MOREMELLOW APS,42492833,DK,ENGVEJ 18,,,
ONEPD APS,42499544,DK,GRÃ˜NJORDSKOLLEGIET 6 1. 6206.,,,
MARWILL APS,42501441,DK,C/O MARY PEDERSEN GL LANDEVEJ 66 ST. 11. LINDVED,,,
SPONSORWORLD APS,42502103,DK,GAVNÃ˜VEJ 2 D TJÃ˜RRING,,shop.sponsorworld.dk,
JUNCOB APS,42512257,DK,C/O JACOB BILLESBÃ˜LLE HÃ˜RSHOLMSGADE 22 C 2. TV.,,,
DEMOLEY APS,42513571,DK,C/O HOLMGAARD SAXILDSALLE 5,,,
ECCO EUROPE AG,37719706,DK,C/O ECCO SKO A/S INDUSTRIVEJ 5,https://ie.ecco.com/en-IE?utm_source=google&utm_medium=organic-gmb&utm_campaign=1051217,,
SAMBACPH I/S,42520985,DK,C/O NANNA GABRIELSEN RISBYHOLMVEJ 19,,sambacph.dk,
LEGLOVE DANMARK APS,42523046,DK,GEFIONSVEJ 21,,leglove.dk,
SPLIID APS,42524794,DK,KIRKEVEJ 54 Ã˜RRIDSLEV,,byspliid.dk,
SHADES UNDERWEAR APS,42524956,DK,C/O MIE BUUS MÃ˜LLER FLÃ˜EVEJ 19 FLÃ˜E,,,
AISO OFFICIAL APS,42528730,DK,C/O AIDA ALMQUIST SOWE HALLANDSGADE 5 2. TV.,,,
TEMPO PADEL APS,42534277,DK,SJÃ†LLANDSGADE 42 1.,https://tempopadel.com/,,
AMOLIA APS,42544795,DK,AHLGADE 4 B 3. TH.,,amolia.dk,
CROCKETT & JONES LTD,37719730,DK,C/O QVALIA A/S HERSTEDÃ˜STERVEJ 27 A,,,
GOGSIG APS,42552194,DK,RICHARD MORTENSENS VEJ 60 E ST. TV.,,gogsig.dk,
ALBERTINE APS,42552305,DK,SCHÃ˜DTSMINDEVEJ 21 SKOVBY,,albertineshop.com,
FREDENSBO APS,42555835,DK,SMIDSTRUPVEJ 71 NR SMIDSTRUP,,stjerneboern.dk,
SNEAKS2PEAK APS,42566551,DK,MAGLEBJERGVEJ 6,,,
LITTLE NOAH I/S,42576514,DK,BRAGESVEJ 3,,,
LIBERTIE APS,42597953,DK,FÃ…BORGGADE 7 ST. TH.,,libertie.dk,
BUTÃ‰ APS,42600377,DK,MARIANE THOMSENS GADE 39 ST.,,,
STIGAARD ZINCK APS,42602647,DK,MÃ˜LLEPARKEN 61 KRAGELUND,,,
COMEBACK STREETWEAR APS,42613509,DK,ELKJÃ†RVEJ 2 P,http://www.comebackstreetwear.com/,comebackstreetwear.com,
ADDICTED2TRAILS APS,42615226,DK,C/O LOUISE F. SÃ˜RENSEN/MORTEN JUNKER TINGHOLM 46 GUDERUP,,,
THE MINI TEAM APS,42623954,DK,SUKKERVÃ†NGET 63,,,
Z-ELA APS,42644250,DK,KNUDMOSEPARKEN 47 LIND,,,
LOVE SHOT APS,42674842,DK,GAMMEL HÃ˜VELTEVEJ 2,,,
JAJKO APS,42679461,DK,MANBJERGVEJ 5 LÃ˜GTEN,,,
BOERN APS,42696706,DK,HYLDEVEJ 17,,,
STYLE GROUP APS,42696773,DK,OLDENVEJ 33 MUNKEGÃ…RDE,,,
ZILLOUET I/S,42704555,DK,HYLDEDALSVEJ 9,,,
FEMME FAÃ‡ON APS,42715360,DK,EGÃ… HAVVEJ 25 D,,,
ELITESUPERTRADING APS,42715344,DK,NYVANG 16,,onkeljohn.dk,
ONLINE TEXTILE SOLUTIONS A/S,42718092,DK,TULSTRUPVEJ 13,https://onlinetextilesolutions.dk/,onlinetextilesolutions.dk,
TRUE FRIEND APS,42719587,DK,SÃ˜NDERVANGSVEJ 20,,superbrand-jewelry.net,
RG INVEST I/S,42730475,DK,RÃ˜NNINGSMINDE 5,,,
FC FRIIS INVEST APS,42738484,DK,RUDBÃ†KSBANKE 31 A STRIB,,skowolter.dk,
STX RETAIL APS,42752924,DK,DYNAMOVEJ 11 C,,uspoloassn.dk,
HADASHI APS,42757144,DK,LYSKÃ†R 3 B 1.,,,
LUXSAFIRA APS,42768510,DK,C/O PETER NIELSEN GRANLYVÃ†NGET 5,,,
COLUMBUS WEAR APS,42781703,DK,KLAMSAGERVEJ 32 ST. 1.,,columbuswear.dk,
UNDER ARMOUR INC.,37721379,DK,C/O BEAR & WOLF ADV. P/S/SIMON TRACY Ã˜STERFÃ†LLED TORV 3,,,
MODANE APS,42790990,DK,DANNEVIRKEVEJ 3,,sweetdeal.dk,
NORDIC AIM APS,42792918,DK,FORTUNVEJ 69,,,
FLAPH APS,42834041,DK,POPPELVEJ 4,,flaph.dk,
LEMON COPENHAGEN I/S,42804282,DK,HJORTESPRINGPARKEN 31,,,
JOJO MAMAN BEBE LIMITED,37016853,DK,C/O FISCAL SOLUTIONS DENMARK APS KRÃ†NHAVS STI 3 KLITMÃ˜LLER,,,
BÃ˜RNESIKRING APS,42835455,DK,C/O JOHN SCHMIDT MARIANE THOMSENS GADE 2 F 5. 1.,,,
DESIGNETTE 2022 APS,42839116,DK,HALLDÃ“R LAXNESS VEJ 24 3. TH.,,,
THOR DEVELOPMENT GROUP APS,42842656,DK,STUDIESTRÃ†DE 26 2.,,thordevelopmentgroup.com,
NORSUMMIT APS,42849146,DK,KONGENS TVÃ†RVEJ 2,,,
RASK STUDIO APS,42852244,DK,ANKERSGADE 7 4. TH.,,,
ÃSTFRYD APS,42875635,DK,C/O THEODOR BÃ˜GE PEDERSEN ZINNSGADE 8 ST. TV.,,,
MINIMEIS AS,42867470,DK,C/O DANISH VAT REG. APS KRÃ†NHAVS STI 3,,,
SCARLET'S FLOWER APS,42887390,DK,FROSTRUPVEJ 3 SLÃ˜SSERUP,,,
LUNDÃ˜ INVEST APS,42895288,DK,PEBELVEJ 21 GLATTRUP,,,
SORT AARHUS APS,42895008,DK,HÃ˜JGAARDSVEJ 11,,,
WE DO BETTER APS,42900338,DK,POSTMESTERVEJ 1,,sweetdeal.dk,
DESIGN BY DEGN I/S,42901385,DK,C/O MARCUS LARSEN Ã˜STERGAARD LINDEVEJ 1,,,
DRATTIRE APS,42902284,DK,MILTONSVEJ 33,,,
OK SOURCING & ECOMMERCE APS,42905585,DK,HVEENSGADE 1 1.,,,
GLOBAL WEAR APS,42912824,DK,C/O ELISABET STAMM THORVALDSENSVEJ 11 2. TV.,,,
GUNMA APS,42917885,DK,GODTHÃ…BSVEJ 87 4. TH.,,gunma.dk,
BABYENGROS APS,42924423,DK,BLOMSTERMARKEN 63 SNEJBJERG,,babyengros.dk,
PLEASANT APS,42943274,DK,VESTERHAVSGADE 15 VORUPÃ˜R,,bisbase.com,
APLO APS,42945307,DK,C/O FREDERIC SMITH Ã˜STERBROGADE 117 2. 226.,,,
LITTLE AARHOUSE APS,42948470,DK,VENUSVEJ 8 SÃ˜FTEN,,littleaarhouse.dk,
IBEX GYMWEAR I/S,42930261,DK,BORGMESTER JENSENS ALLÃ‰ 9 1. TV.,,,
GAIA I/S,42960365,DK,C/O HARALD LANG LEDAGER HOLMENEVEJ 26,,,
AU LAMA APS,42969990,DK,FIREHUSEVEJ 8 A,,,
SOLESOLE APS,42975389,DK,C/O THEA BECH THOMSEN STEFANSGADE 10 2. TH.,,,
PP PROFIL APS,42976148,DK,ALLEHELGENSGADE 3,,,
BENNICHI APS,42972940,DK,MOLTKESVEJ 8 1. TV.,,posterbandit.dk,
ERFURT APS,42981257,DK,UHREVEJ 17,http://www.erfurtluxury.com/,,
RETHINKIT STUDIOS APS,42984825,DK,GRUSBAKKEN 12,,rethinkit-studios.com,
CONCORD ENTERPRISE APS,42988979,DK,C/O MD SHOAIB HASAN TÃ…RNVEJ 211 2.,,,
CAEMI APS,42995304,DK,NORGESGADE 26 4. TV.,,,
STREETER APS,42995622,DK,C/O THOR GAARDE Ã˜STPARKEN 18 FRAUGDE,,,
DESIGNBYGRUNDAHL APS,42996041,DK,ROSENBAKKEN 26,,,
TECHSTYLE FASHION GROUP LTD,37722383,DK,C/O MAZARS ERHVERVSSERVICE APS MIDTERMOLEN 1 2. TV.,,,
NORWEGIAN RAIN AS,37722626,DK,CHRISTIAN XS VEJ 22,,,
SOLBAEK I/S,42996904,DK,C/O MIKKEL LYBÃ†K CHRISTENSEN POUL PAGHS GADE 21,,,
ASKEGREN APS,43004743,DK,SKOLEVEJ 7,,,
DESIGNTORVET APS,43005359,DK,KIRKEVANGEN 4 VRINNERS,,,
MBANG APS,43019651,DK,THOMAS KOPPELS GADE 44 2. TH.,,,
TRENDYSHOP APS,43027476,DK,NYBOVEJ 3,,,
MERCH TRAFFIC LIMITED,43014285,DK,C/O DANISH VAT REG KRÃ†NHAVS STI 3,https://merchcity.com/,,
KIDZMIX I/S,43039865,DK,C/O S KRISTENSEN S SCHÃ˜N KÃ†RVEJ 5 A,,,
NATURBARN DK APS,43042327,DK,LAURITSHÃ˜J 272,,,
2SAAL APS,43046896,DK,C/O HENRIK HVIID ELME ALLE 14 VESTER NEBEL,,,
MILE SPORTS APS,43050621,DK,NÃ˜RRE ALLÃ‰ 89 1. TV.,,,
NORDIC C APS,43063588,DK,STÃ˜BERIGADE 8 3. 8.,,,
SCHULTZ DESIGN APS,43062611,DK,ELMEGÃ…RDSVEJ 12 A ST.,,,
COÂ´COUTURE A/S,43065742,DK,BÃ˜GESKOVVEJ 2 MUNKEGÃ…RDE,http://www.cocouture.dk/,,
SILK FEELINGS APS,43065467,DK,BLEGDAMSVEJ 29 A 7. 805.,,,
ENDDLESS APS,43065963,DK,I.P. JACOBSENS VEJ 42,,,
BABYBLID APS,43073966,DK,BAKKEAGER 15,,,
MAMAS ARK APS,43074997,DK,BJÃ˜RNBAKSVEJ 4,,,
KLERE APS,43074148,DK,MANBJERGVEJ 94 LÃ˜GTEN,,,
TRACKSUIT APS,43088203,DK,DILDHAVEN 35 2. TV.,,,
HOLBÃ†K WORKWEAR APS,43110969,DK,SPÃ…NNEBÃ†K 24,http://www.he-firmatoj.dk/,,
LIGHT GREEN STUDIO APS,43114034,DK,C/O CHRISTIAN THUE JENSEN MERIANVEJ 20,http://lightgreenstudio.com/,,
MICOTO APS,43122266,DK,C/O DEICHMANN ADVOKATER ROSENSGADE 22 1.,,,
MAALOUF APS,43130021,DK,TÃ˜NDERGADE 13 5.,,,
STATE OF WOW DANMARK APS,43134639,DK,FILMBYEN 16,,,
WOW INNOVATION APS,43134795,DK,FILMBYEN 16,,,
FLOUZE APS,43138650,DK,PALÃ†GADE 3 3.,,,
SLOWMADE APS,43139355,DK,TUBORGVEJ 48 2. TH.,,,
ROUGH FASHION APS,43138774,DK,BJERGEGADE 7 A,http://roughsweet.dk/,,
HENDRIX NORDIC APS,43141996,DK,C/O AARHUS ADMINISTRATIONSBUREAU APS SLETVEJ 2 D,,,
JBR RETAIL SKAGEN APS,43147641,DK,SCT. LAURENTII VEJ 42,,,
ETERNA MODE GMBH,37723401,DK,C/O RSM DANMARK VED VESTERPORT 6 5.,,,
BUTIKEN APS,43163167,DK,C/O TORBEN BLOCH PEDERSEN SÃ˜NDERBORGVEJ 3 C,,,
LUNDSGAARD & HELBIG I/S,43162489,DK,C/O STINE LUNDSGAARD SÃ˜RENSEN GÃ˜TEBORG ALLÃ‰ 7 L 5. TH.,,,
LIONNWEAR APS,43175181,DK,HÃ…NDVÃ†RKERVEJ 11,,,
LE NORA APS,43176188,DK,WILLEMOESGADE 23 ST. MF.,,,
KOS I/S,43182080,DK,VALNÃ˜DVEJ 3,,,
DROPSNEAKERS APS,43197967,DK,GRÃ˜NNINGEN 13,,,
LILLE VERDEN I/S,43206931,DK,BÃ˜GBALLEVEJ 39,,,
DER VI BOR APS,43208462,DK,GRANTOFTEVEJ 3 A,,,
AG PARTNER SERVICE APS,43210599,DK,BRÃ˜NDBYVESTERVEJ 62 B 1. 4.,,,
MALAIKA NEW YORK APS,43216074,DK,RUGMARKEN 54 NR BJERT,,,
SWOP APS,43216007,DK,SMEDEVEJ 1 REGSTRUP,,,
SCANDINAVIAN LINE I/S,43212788,DK,C/O DEIVIDAS RAUBA SDR. BOULEVARD 104 1. 1.,,,
BILLEDEVEDHÃ†NG.DK APS,43224077,DK,VIGERSLEV ALLE 380 C ST. TH.,,,
ACCADEMIA DEL TEMPO APS,43223577,DK,C/O LEONARDO PICCHI STORMGADE 9 6. 2.,,,
PAPIJAMAS APS,43231995,DK,WARMINGSGADE 1 P 2.,,,
TURMAN & THORN APS,43231758,DK,NORDKROG 22 1.,,,
MARC O'POLO DANMARK APS,43238957,DK,C/O NJORD LAW FIRM PILESTRÃ†DE 58,https://www.marc-o-polo.com/en-ie/women,,
NORDIC LIFESTYLE COMPANY APS,43240226,DK,BLÃ…VANDVEJ 22,,,
PLEASANT COPENHAGEN APS,43248340,DK,STEFANSGADE 12 KL. TV.,,,
OWK EYEWEAR I/S,43223585,DK,RAAGAARDS ALLE 4,,,
LIVA LARSEN APS,43252232,DK,WILLY BRANDTS VEJ 19 4. TV.,,,
HOUSE OF PRODUCTS APS,43262742,DK,MARIELUNDVEJ 30 2.,,,
VIKARVALGET APS,43266136,DK,SMEDEGADE 7 A ST. TH.,,,
A&A ACCESSORIES APS,43266888,DK,BAG ELEFANTERNE 17 1. TV.,,,
LE CLOSET APS,43269003,DK,SKOVRIDERGÃ…RDSVEJ 50,,,
OPAL OCEAN APS,43278797,DK,FARVERLÃ˜KKE 65,,,
KB SUPPLY APS,43278177,DK,ESROMGADE 15 2. 1208.,,,
NU-MODEST APS,43281852,DK,FRANK RYGÃ…RDS VEJ 12 2. TV.,,,
HUKKO APS,43291386,DK,FORTGÃ…RD ALLE 52,,,
LAVISH APS,43292579,DK,VIGERSLEV VÃ†NGE 2 1. MF.,,,
MATCH IT ALL APS,43301365,DK,LANGGADE 11 TRANEBJERG,,,
AGENTS CPH APS,43308831,DK,OLDERMANDSVEJ 8,,,
MC CUSTOMS APS,43315390,DK,SKOVVEJ 18 A 2. TH.,,,
NORDKING APS,43318063,DK,C/O AMIR LATIF CARL BLOCHS VEJ 129,,,
HUMMEL CENOZOIC APS,43317032,DK,C/O HUMMEL A/S BALTICAGADE 20,,,
18ACES APS,43322605,DK,DRONNINGENS TVÃ†RGADE 48 4. 2.,,,
PHILOSOPHIA STUDIO APS,43332643,DK,C/O SOFIA NIELSEN THORVALDSENSGADE 1 3. TV.,,,
DA SPORTS APS,43333933,DK,MAGLEGÃ…RDS ALLE 65 2. C.,,,
Z SIMIKKA APS,43333267,DK,GÃ˜GEVEJS TVÃ†RVEJ 2,,,
CIBERIA APS,43334190,DK,AMALIEGADE 35 1.,,,
REIGN OF GAIA APS,43333496,DK,C/O FREJA MENGEL VIBORGGADE 15 1. TV.,,,
NORDIC APPAREL GROUP APS,43335073,DK,LYNGBY HOVEDGADE 66 B ST.,http://nordicsportswear.dk/,,
MEMERY APS,43341669,DK,KLOSTERGADE 58,,,
BY MIKNA APS,43342495,DK,SAVSKÃ†RERIVEJ 2,,,
WOOLWEAR APS,43345648,DK,C/O BO AAGAARD MADSEN FREDERIKSGADE 35 2. TV.,,,
VINTAGECREW APS,43353039,DK,SINDALSVEJ 41,,,
UHLSPORT SCANDINAVIA AB,43353403,DK,C/O DEINTERNATIONAL DENMARK APS KONGENS NYTORV 26 3.,,,
TOPBRANDS APS,43361910,DK,SKOVVEJ 14,,,
PURE BRANDS APS,43369121,DK,SOLBAKKEN 5 HAMMELEV,,,
HBR VISION APS,43387197,DK,HASLEVGADE 45,,,
LVRP TRADING APS,43388576,DK,TIETGENSGADE 64 4. TV.,,,
CARE4WORKWEAR I/S,43388886,DK,PRODUKTVEJ 11,,,
NORDIC FASHION STORES APS,43398962,DK,BADSTUEGADE 14,http://www.nordicfashionoutlet.dk/,,
LUXBABY.DK APS,43409298,DK,BAKKEKAMMEN 54,,,
CA-WES APS,43412876,DK,Ã˜STERPARKEN 11,,,
SJS GROUP LLC,43394045,DK,C/O DANISH VAT REG KRÃ†NHAVS STI 3,,,
JWLY APS,43419285,DK,MARTINSVEJ 3,,,
URBAN LEGEND COPENHAGEN APS,43423967,DK,C/O STINE HEJNDORF CARLSEN SIGYNSGADE 66 ST. TH.,,,
BY MINELLA APS,43425617,DK,FREDSHÃ˜J MARK 5,,byminella.dk,
CONTACT CLOTHING APS,43438948,DK,NÃ˜RREBROGADE 110 3. TV.,,,
NUSILLA APS,43443143,DK,KIRKE VÃ†RLÃ˜SEVEJ 34,,,
KIRKBYKIRK APS,43444824,DK,MÃ˜LLE ALLE 4,,,
STILKOMPAGNIET APS,43451685,DK,LINDEBJERGVEJ 10 LINDEBJERG,,,
DANMARKSBUKSERNE I/S,43456784,DK,C/O THOR SKOV MADSEN Ã˜. SKIBELUNDVEJ 52,,,
SKJELLAND TRADE AB,37725323,DK,C/O TIMEVAT A/S HÃ˜JE TAASTRUP BOULEVARD 52 HÃ˜JE TAASTRUP,,,
CUSTOM PAIR APS,43462822,DK,DORTHEAVEJ 3 2. 95.,,,
REBJOORN APS,43463632,DK,MÃ˜LLEHAVEN 12 A,,,
FEELGOOD HUB APS,43477021,DK,ROSENÃ˜RNS ALLE 31 2.,,,
GSD FOR BRANDS APS,43489976,DK,BAGGESKÃ†RVEJ 23 ST.,,,
RUNGE LAB APS,43497294,DK,STEJLGÃ…RDSPARKEN 40,,,
ORGANIC STATEMENT APS,43497634,DK,TISTRUPVEJ 12,,,
DELTA GALIL BRANDS INTERNATIONAL GMBH,37725579,DK,C/O GRANT THORNTON ATT DENNEIS J. LARSEN STOCKHOLMSGADE 45,,,
PARDUS GLOBAL APS,43508636,DK,VIGERSLEVVEJ 24 2. TH.,,,
VASS EUROPE APS,43513931,DK,FREDERICIAGADE 15 B ST. TH.,,,
ZWISH APS,43514245,DK,ARENDALSGADE 8 ST. TV.,,zwishbasketball.com,
NOBEL FASHION DESIGNER APS,43516744,DK,AKACIEVEJ 2 B FLÃ˜NG,,aaberg-cph.dk,
HAKTON STUDIOS APS,43526421,DK,HANS KNUDSENS PLADS 1 A 1. 6.,,,
COLLEGEPRINT I/S,43524895,DK,C/O L & F GONZALEZ-KNUDSEN LANDSEVEJ 12,,,
CAZNUS APS,43531735,DK,NÃ˜RREGADE 46,,,
COZZIES I/S,43534769,DK,C/O NICOLAI NYMARK SCHULZ WILKENSVEJ 23 ST. TV.,,,
KÃ“OT I/S,43534408,DK,C/O JOSU RODRIGUEZ PADRO VESTRE TEGLGADE 10 B ST. MF.,,,
RIISE APS,43535730,DK,C/O BACKTEE SOMMERVEJ 50,,,
FODBOLDUNIVERSET APS,43543326,DK,BRYGGERVANGEN 16 3. TH.,,,
LILLA VILLA APS,43545280,DK,USSERÃ˜D KONGEVEJ 97 B,,,
BY CECILIE HOTHER APS,43547941,DK,C/O JESPER LODE JERNBANEGADE 4 B 3. TH.,,,
WENAAS WORKWEAR DENMARK A/S,43554662,DK,C/O THE COTTON GROUP A/S AMALIEGADE 47,,,
STÃ˜CK APS,43556703,DK,SÃ˜LYSTVEJ 144,,,
NEVER ANOTHER APS,43577662,DK,C/O DITTE GADE JAKOBSEN SÃ˜NDERHÃ˜J 30,,,
DR MARTENS BRANCH OFFICE FILIAL AF DR MARTENS AIRWAIR WHOLESALE LIMITED UNITED KINGDOM,43582224,DK,FIOLSTRÃ†DE 24 KL.,,,
R.H. SMITH & SONS FILIAL AF R.H. SMITH & SONS (WIGMAKERS) LIMITED ENGLAND.,43583107,DK,HOVEDVEJEN 56 A,,,
KIDZ DESIGN APS,43588834,DK,GODTHÃ…BSVEJ 18 A ST. 1.,,,
ATLAS WORKS AND DAYS APS,43588974,DK,VÃ˜LUNDSGADE 10 ST. TH.,,,
EMSTYLE APS,43592068,DK,KLITVEJ 26,,emstyle.dk,
MP ARBEJDSTÃ˜J APS,43599666,DK,MELLEMLÃ˜KKE 20 DYBBÃ˜L,,,
TC SAM NORDIC APS,43603051,DK,BIRKETINGET 2 B 4. 242.,,,
FINAL GRAVITY APS,43603078,DK,KORSDALSVEJ 107,,,
WÃœRTH MODYF DANMARK FILIAL AF WÃœRTH MODYF INTERNATIONAL GMBH TYSKLAND,43606123,DK,MONTAGEVEJ 6,https://www.wuerth.dk/da/dk/branches/butik_1410?utm_source=butik&utm_medium=organic&utm_campaign=holstebro,,
FAKENOSTALGIA APS,43613839,DK,BALSHAVEVEJ 91 NDR RANDLEV,,fakenostalgia.com,
HR IDEAS APS,43614568,DK,HÃ˜JE GLADSAXE TORV 2 B 9. 2.,,,
ACE & THE HARMONY APS,43615785,DK,ADELGADE 106 ST. TH.,,,
FLYINGYELLOWBALLS I/S,43612042,DK,C/O JESPER MINDSAL SMARAGDVEJ 6,,,
RATRACKIES APS,43628941,DK,C/O LETKÃ˜B CARLSRO SUPER TÃ…RNVEJ 209 ST.,,,
BACHELORS BUTTON APS,43641824,DK,FINSENSVEJ 44 C 2. TH.,,,
LE RAYON I/S,43640062,DK,C/O NICOLAI NISLEV Ã…TOFTEN 55,,,
NORDIC KINGS APS,43655132,DK,C/O ERHVERVSSTYRELSEN DAHLERUPS PAKHUS LANGELINIE ALLÃ‰ 17,,,
AVOW I/S,43651935,DK,C/O ASKILD ROSENSTAND SÃ˜BORG HOVEDGADE 189 1. TV.,,,
HUXIE APS,43657852,DK,TRETOMMERVEJ 25 B,,,
ATELIER PANCEA I/S,43662643,DK,C/O KIM HUU NGUYEN HARRESTRUPVANG 9 A ST. TH.,,,
BABYBERRY APS,43664263,DK,C/O ERHVERVSSTYRELSEN DAHLERUPS PAKHUS LANGELINIE ALLÃ‰ 17,,,
WW APS,43663526,DK,FABRIKSPARKEN 16,,bridalstore.dk,
PEHCHAAN APS,43667378,DK,Ã˜STERBROGADE 226 ST. 1.,,,
RÃ‰PORTO APS,43667394,DK,INDUSTRIPARKEN 12 A,,,
LA SUN-SHADES I/S,43665979,DK,TOFTEVÃ†NGE 22,,,
MEMSA APS,43681605,DK,TYLSTRUPVEJ 12,,memsa.dk,
CF E-COMMERCE APS,43682490,DK,SMALLEGADE 20,,cremefraiche.dk,
ELVSTRÃ˜M SAILWEAR A/S,43681990,DK,PAUL ELVSTRÃ˜MS VEJ 4,,,
PANGAIA MATERIALS SCIENCE APS,43685406,DK,C/O MAZARS MIDTERMOLEN 1 2. TV.,,,
POPPEL-SHOP APS,43700960,DK,Ã˜STRE SKOVVEJ 12 G,,,
SHADELY APS,43710346,DK,HANS BANGSVEJ 13 A 1.,,,
THANKA APS,43708856,DK,CHR MÃ˜LSTEDSGADE 17 ST. TH.,,cphbrandshop.dk,
OSCAR JACOBSON DENMARK APS,43709399,DK,LINDGREENS ALLÃ‰ 12 2.,http://www.oscarjacobson.com/,,
KAWAII VINTAGE APS,43715089,DK,EDVARD THOMSENS VEJ 5 C 4. TH.,https://kawaiivintage.dk/,,
MOE MOE LAND APS,43725343,DK,LYNGBYVEJ 139 2. TV.,,,
BY ENGBORK APS,43729128,DK,KINDHESTEGADE 2,,,
AMBASSADOR 1867 APS,43730606,DK,C/O AKTIESELSKABET PABLO MÃ˜LLEVEJ 9 L NIVÃ…,,,
WITH LOVE I/S,43728369,DK,C/O SARA KORBAS & ALEKSANDRA KORBAS GRÃ˜NTOFTEN 9,,,
PARMARCH I/S,43734857,DK,C/O ASBJÃ˜RN RUDE ANDERSEN PLANTAGEVEJ 15,,,
SARTH APS,43739085,DK,ASTRUPVEJ 6,,,
ANFOSS APS,43754335,DK,ANE DAMS GADE 13 1. TV.,,,
THOBES I/S,43759647,DK,HÃ˜RPARKEN 56 TV.,,,
TOQO APS,43762249,DK,DYBBÃ˜LSGADE 51 5. TH.,,,
STANLEY AND STELLA SA,37727199,DK,C/O SONDERUP PAYROLL APS JYLLANDSGADE 9,,,
MEDLEY BRANDS APS,43773496,DK,C/O VEKTOR KAPITAL APS FRUEBJERGVEJ 3,,,
LITTLE SAVAGE APS,43787926,DK,LÃ†DERSTRÃ†DE 13 KL.,,,
TJX EUROPE BUYING GROUP LIMITED,37725935,DK,NY CARLSBERG VEJ 80,,,
MEDLEY RETAIL APS,43796674,DK,FOLEVÃ†NGET 12,,,
WOMENPLUS APS,43794914,DK,HELLINGHÃ˜JVEJ 4 TUMBÃ˜L,,,
HUSH LITTLE ONE APS,43799592,DK,H.P.HANSENS PLADS 32,http://www.hushlittleone.dk/,,
ATHLETE STUDIOS I/S,43794043,DK,VESTERFÃ†LLEDVEJ 5 ST. TV.,,,
NORDIC SPORTS DESIGN APS,43802836,DK,LYNGBY HOVEDGADE 53 C 2. TV.,,,
SM COMPANY APS,43802445,DK,GRÃ˜NKLÃ˜VERVÃ†NGET 59,,,
ANY PERCENT APS,43807129,DK,C/O MADS LUDVIG SKIBSTED LILLE STRANDSTRÃ†DE 12 1.,,,
BÃ˜GE APS,43811975,DK,FLENSBORGGADE 61 5. TV.,,,
THE TEXTILE SUPPLIER I/S,43810758,DK,C/O OLIVER LYNGE RYDAHL Ã˜STRE HAVNEGADE 32 3. 3.,http://www.ita-textiles.dk/,,
OASIS LICENSING APS,43811959,DK,C/O DANDERS & MORE PHILIP NYHOLM FREDERIKSGADE 17,,,
LINDAAS APS,43814710,DK,DÃ…DYRVEJ 4 VOEL,,birkk.dk,
NORDICA UNIFORMS TRADING LLC,37727342,DK,C/O MERRILD TRADING APS SÃ˜NDERGADE 8,,,
MLV APS,43831089,DK,KALBYVEJ 32,,,
RECIPE X APS,43831542,DK,ALLIANCEVEJ 25 1. TV.,,,
SNEAKER CLUB I/S,43840355,DK,C/O JULIUS ALBRECHTSEN OVERGADE 20,,,
TROLLE PROJECTS A/S,43843745,DK,GYDEVANG 17,,,
BRAMMERS WEBSHOP APS,43847147,DK,SMEDEVÃ†NGET 10 DALBY,,butikrikke.dk,
KY DENMARK APS,43851233,DK,SYVHÃ˜JVÃ†NGE 218,,ky-denmark.dk,
KHENK APS,43851381,DK,TRANEHAVEN 80 2. TH.,,,
VIOLARECYCLING I/S,43846779,DK,PRÃ†STEVÃ†NGET 6,,,
DURABLE JOURNEY APS,43853376,DK,THUNE NIELSENS VEJ 38 NÃ†SBY,,,
KONGWALTHER APS,43853767,DK,SCHERFIGSVEJ 13 ST. TH.,,kongwalther.com,
ABOUT FASHION A/S,43859250,DK,BÃ˜GESKOVVEJ 2 MUNKEGÃ…RDE,,,
GG COMPANY I/S,43863134,DK,ERICAPARKEN 71 1. TH.,,,
MISSO I/S,43863835,DK,FAABORGVEJ 30 A,,,
CPH PONCHO APS,43865943,DK,SANDVIGVEJ 35,https://cphponcho.dk/,cphponcho.dk,
FRU & FRÃ˜KEN APS,43871986,DK,SOLBJERG HOVEDGADE 27,,,
FAMILY TRADE APS,43879340,DK,RENTEMESTERVEJ 80 1.,,comfortbaby.dk,
MUNTERMOR APS,43883437,DK,NÃ˜DDEHAVEN 31,,,
STOCK SALE APS,43882406,DK,NAVERLAND 33,,,
OAKMORE APS,43884573,DK,BÃ˜GEKILDEVEJ 34 A,,,
ATHENA KLINIK APS,43890859,DK,OLE OLSENS ALLE 2,,,
ASPN GROUP APS,43896121,DK,EGÃ˜JEVEJ 58 1.,,,
PIKE'S ONLINESHOP APS,43899368,DK,FUGLESANGSALLE 16,,pikesonlineshop.dk,
KRATHOLM & EGELUND I/S,43903020,DK,C/O KRISTIAN EGELUND OLSEN GLÃ†SBORGVEJ 20,,,
MIT ULD APS,43907484,DK,VÃ†RKSTEDSVEJ 12,,,
BAHE STUDIO APS,43911651,DK,BROGADE 11,,,
RENATO COPENHAGEN APS,43913263,DK,KLAUSDALSBROVEJ 92,,,
AGAMO APS,43915452,DK,VILHELMSBORGVEJ 15,,,
EXCEL LEGGINGS APS,43918184,DK,ASÃ…VEJ 36,,,
ENVY EQUESTRIAN APS,43932578,DK,DANNEBROGSGADE 9 ST. TH.,,,
SPECTRUM GOLF APS,43935593,DK,AHORNSGADE 4 1. TV.,,,
NATURALGLOBE APS,43934708,DK,SÃ˜NDRE FÃ†LLEDVEJ 9,,naturalglobe.org,
COLOURFUL TIGER APS,43937626,DK,KJELD LANGES GADE 14 ST. TV.,,,
SHTB GROUP APS,43937030,DK,GL VARDEVEJ 27 1. TH.,,fadeless.dk,
SHADS FOOTBALL APS,43943766,DK,RÃ˜RKÃ†RVEJ 133,,shadsfootball.com,
J.M. SHIRTS APS,43948687,DK,KONG GEORGS VEJ 35,http://www.jmskagen.com/,,
HSK TEXTILE GROUP APS,43954083,DK,C/O HJALTE SKOVMOSE KJÃ†R Ã…HUSENE 6 3. 5.,http://www.ttg.dk/,hktekstil.dk,
MARINI FASHION I/S,43956264,DK,C/O VALDEMAR JOHANNES NIELSEN ASTERSHAVEN 261,,,
SERA SERA I/S,43971786,DK,DALGAS HAVE 44 B 2. A.,,,
FJÃ˜S FASHION & LIVING AS,43855662,DK,C/O OLSENS REVISION APS FORTUNSTRÃ†DE 1 2.,,,
JYSK WORKWEAR APS,43977741,DK,STENBJERGKVARTERET 11 SNEJBJERG,,,
BLOKKEBAK VINTAGE I/S,43982044,DK,CHRISTIANSGADE 25 2. TV.,,,
HOUSE OF SAREES I/S,43987720,DK,STEENSGÃ…RDSVEJ 22,,,
LUXUU APS,43989618,DK,FUGLEBÃ†KVEJ 3 D ST.,,,
TINSOLDAT.DK APS,43991574,DK,SKOVDALSVEJ 32,,,
MELIORA COPENHAGEN I/S,43989103,DK,C/O MARC CEDERKRANTZ LERGRAVSVEJ 37 1. TH.,,,
DESTY I/S,43997025,DK,KILDEGÃ…RDSVEJ 7,,,
CHOICE GROUP APS,44006995,DK,HOVEDGADEN 45 1. 4.,,,
SPHERE APS,44009684,DK,C/O MARTIN DAVIS-SKJÃ˜TH SKIPPERTOFTEN 53,,,
DANSKK APS,44012154,DK,SÃ˜RENS ALLE 8,,,
SKOVGAARD & LANGMARK INVEST I/S,44016990,DK,HEDETOFTEN 14,,,
KAPLOCK APS,44027348,DK,MIDTERMOLEN 18 5. TH.,,,
OCEAN CREATIVE GROUP APS,44027615,DK,PERLEGADE 10 B,,,
VAMPDEPARIS APS,44030187,DK,Ã˜RESTADS BOULEVARD 58 5. TH.,,,
HUBBUS APS,44030225,DK,LYKKESHOLMS ALLÃ‰ 6 A 2.,,,
ELLEBELLE ORGANICS APS,44046768,DK,SÃ˜LVGADE 85 A 2. TH.,,,
ROSALYNG APS,44053470,DK,C/O MARIANNE LYNGS EGHOFF KROGTOFTEVEJ 18 ERRITSÃ˜,,,
MAISON BIEN SÃ›R I/S,44057905,DK,SANKT JAKOBS GADE 3 ST. TH.,,,
THE CURLY TOUCH I/S,44025949,DK,RICHARD MORTENSENS VEJ 2,,,
GAVN STUDIO I/S,44069369,DK,LAURENTIIGADE 2 B,,gavnstudio.dk,
TIME CAPSULE CLOTHING APS,44073390,DK,KYRADSERVEJ 11,,,
ONYO BAGS APS,44084562,DK,STORE REGNEGADE 5,,,
CYME COPENHAGEN APS,44086875,DK,DANAS PLADS 17 ST. TH.,,,
ALFAJR.DK APS,44087537,DK,KLOKKERHÃ˜JEN 1 1.,,,
S.T. VALENTIN APS,44090392,DK,GULDSMEDGADE 23 1. TV.,,,
THE ONES COMPANY APS,44090929,DK,BAKKEVÃ†NGET 8,,,
CAPETOGEN APS,44092018,DK,C/O CAMILLA FORMENTI SASSVEJ 15,,,
NORDIC SIESTA APS,44092255,DK,BRÃ˜NSHÃ˜JVEJ 48 ST. TV.,,,
VM SKO APS,44094088,DK,C/O GITTE DISSING MESSELL HERLEV BYGADE 74 C ST. TH.,http://www.wmp-sko.dk/,,
FULLYSHIPD APS,44105136,DK,FREDERIKSHAVNSVEJ 86,,,
LUDVIGGO APS,44115794,DK,AALBORGVEJ 146,,,
MELIVO APS,44120372,DK,VESTERBROGADE 6 D,,,
DANGROUP SERVICE APS,44124742,DK,C/O DENTEKS A/S RUGVÃ†NGET 56,,bankkonto.nu,
CHERIS I/S,44122707,DK,C/O NICKLAS ANDERSEN SLOTSALLE 1 3.,,,
KIETZ DESIGN APS,44126761,DK,KRÃœGERSVEJ 48 SANDDAL,,limitlessclo.shop,
RAVNSPORT APS,44129434,DK,DEGNEVÃ†NGET 12 NR BJERT,,,
RAILS DISTRIBUTION DENMARK APS,44125277,DK,C/O GTS NORDIC APS KALKBRÃ†NDERILÃ˜BSKAJ 6,,,
RTW. APS,44141841,DK,VOGNMAGERGADE 7 7.,,,
WILLOW CPH I/S,44155125,DK,PILESTRÃ†DE 43 3.,,,
SYLVANTICA APS,44156725,DK,SKELHÃ˜JVEJ 5 1. TV.,,,
SCANDISUIT APS,44170175,DK,ELVERHÃ˜JVEJ 25 BARUP,,,
LG SAFETY I/S,44173158,DK,C/O PER SIMONSEN KÃ˜BINGSMARKVEJ 41,,,
CHERIS I/S,44176467,DK,C/O MATHIAS FOSS SLOTSALLE 1 3.,,,
BARÃ APS,44178702,DK,C/O KF EJENDOMME APS HAL KOCHS VEJ 3,,,
EASEWEARSHOP I/S,44176726,DK,C/O NICLAS LAURITSEN NOER LYKKESVEJ 31 KL. 1.,,,
AESTHETIC APPEAL APS,44180138,DK,SOFIEVEJ 28 B 1.,,,
BABYGEAR.DK APS,44182769,DK,SMEDEKÃ†RVEJ 33,,certifikat.emaerket.dk,
MAS SELECTION APS,44188503,DK,ELTANGVEJ 67 C ELTANG,,masselection.dk,
ALIPO APS,44190893,DK,SÃ˜NDRE FASANVEJ 45 4. TH.,,,
CPHCONCEPT I/S,44198037,DK,C/O DOULGEROF STURLASGADE 12 N 2. MF.,,cphconcept.com,
MAAGLASSES I/S,44187086,DK,C/O ABBAS ATICI FISKERHUSENE 124,,,
JARDIN PORTANT FILIAL AF JARDIN PORTANT LIMITED. KENYA.,44204843,DK,C/O BENSON OMOL ELSE ALFELTS VEJ 39 D,,,
INDUSTRIAL WEAR DENMARK FILIAL AF INDUSTRIAL WEAR SRL ITALIEN,44208008,DK,C/O DET ITALIENSKE HANDELSKAMMER I DAN H.C. ANDERSENS BOULEVARD 37 4. TH.,,,
LOUI & KIDS APS,44213109,DK,LAANSHÃ˜J ALLE 61 KIRKE VÃ†RLÃ˜SE,,,
BRANDINC DENMARK APS,44212617,DK,C/O NJORD LAW FIRM PILESTRÃ†DE 58 6.,,,
BY C APS,44213907,DK,HUNDIGE STRANDVEJ 129,,,
WIGLO I/S,44218534,DK,LILLE STRANDVEJ 2 A 5. TV.,,,
HÃ˜RSHOPPEN APS,44219921,DK,JOHAN SKJOLDBORGS VEJ 7,,,
MC DIGITAL APS,44227568,DK,LISEBORGVEJ 49,,,
SERÃ‰SH I/S,44237695,DK,C/O ARRAK FRASH ENTARANIK FIGENVEJ 72,,,
POWERTRADE APS,44256061,DK,LADELUNDVEJ 37,,,
SCEND GROUP APS,44258366,DK,SANKT HANS GADE 24 F,,,
THOUXAN APS,44262398,DK,C/O NDR. FRIHAVNSGADE 12 1TV KONGELYSVEJ 6 B,,,
DIVERSITA APS,44264153,DK,LÃ†RKEVÃ†NGET 15,,diversita.dk,
CASUAL STATE APS,44270358,DK,HÃ˜JLÃ˜KKE ALLÃ‰ 7 NÃ†SBY,,,
KIDSGENIC APS,44269619,DK,C/O FLOOR ST. TV Ã˜STERBROGADE 226,,,
KVSCPH APS,44277859,DK,BIRKE ALLE 7 B,,,
9T7 I/S,44275392,DK,C/O NARROW CREATIVE BREDGADE 67 ST. TV.,,,
CALDO APS,44283336,DK,LÃ˜VTOFTEN 51,,,
ATTA'S ELEGANCE APS,44286491,DK,VERNERSVEJ 6,,,
RAHBEK // MAGNUSSEN APS,44304430,DK,NÃ˜RREGADE 46,,,
SPARK LABS APS,44303620,DK,THULEVEJ 12 3. TH.,,,
SAME TIME SUNDAY APS,44310937,DK,BANDHOLMVEJ 6,,,
NODRIP APS,44316390,DK,BOULEVARDEN 6 1. TV.,,,
ALIS APS,44323729,DK,C/O LEGALBASE ADVOKATFIRMA KRONBORG 21,,,